Domain,hash
alumni.icicibank.com,b036cf65659a9a61
apsweb.icicibank.com,None
arcotuat.icicibank.com,d0d0d0d296978f8f
assetknowledge.icicibank.com,b35c4c6973664c53
businesscompanion.icicibank.com,None
buycug.icicibank.com,85812b2f8fcad8b5
buy.icicibank.com,b7494c2799c487d9
buystaging.icicibank.com,9e0ee1f1572e1a13
ddfs.icicibank.com,9c1c1c1e1e1e1f1f
eazypay.icicibank.com,ca35546a7a75544b
financialzone.icicibank.com,None
ftamzapidev.icicibank.com,f0f0f0f0f0f0f0f0
ftamzapiprod.icicibank.com,f0f0f0f0f0f0f0f0
ftamzappdev.icicibank.com,e3c3c9414163cbdb
ftamzappprod.icicibank.com,e3c3c9414163cbdb
help.icicibank.com,83485a0f3ff88787
home.icicibank.com,881cb734c9d9b69a
icicibank.com,8a9ad52ac3512fd5
instaadmin.icicibank.com,870707070f0f1f3f
leads.icicibank.com,8707f01f0ff0071f
learningmatrix.icicibank.com,b2f1e5cd4e9b040e
loans.icicibank.com,9072ed076c7093f9
maps.icicibank.com,9e48c38f3e58a347
meetingmanager.icicibank.com,890717170b6b9797
mobile.icicibank.com,8f0ffffcf0e0c000
nli.icicibank.com,870f0f0f0f0f0f0f
scrmext.icicibank.com,b9e06869b4b74396
shanghaibranch.icicibank.com,ca5fb5ad4a16b428
smetrics.icicibank.com,8000000000000000
spocto.icicibank.com,8f0f05f0f0787a0f
tradeoneview.icicibank.com,9c1c1c1c1c1c1fff
vrm.icicibank.com,ad9365939a2d9364
vrm-uat.icicibank.com,e9964b4b9669b449
www.icicibank.com,8a9ad52ac3512fd5
www.shanghaibranch.icicibank.com,ca5fb5ad4a16b428
www.vrm.icicibank.com,ad926d93d26c926c
www.vrm-uat.icicibank.com,e9964b4b9669b449
1paytag.hdfcbank.com,bd74e1017cfc83c1
applycarloan.hdfcbank.com,eb4037956d4a523b
applyonline.hdfcbank.com,e7669e982666298b
apps.hdfcbank.com,c3ce3cf10e8ec338
bcms.hdfcbank.com,8b38347825cfc7c3
ca.hdfcbank.com,817e7c7878787868
collections.hdfcbank.com,83070707070f1fff
dapdcauth.hdfcbank.com,bd3d3c7878525262
dashtab.hdfcbank.com,8000000000000000
developer.hdfcbank.com,aec2d11e626f4ad8
dev-new.hdfcbank.com,9513239eebc15ec1
divpro.hdfcbank.com,8b0fd5e468f0b139
dms.hdfcbank.com,bd3d3c7878525262
ecbf.hdfcbank.com,870707070f0f1f3f
ecbfmobuat.hdfcbank.com,800000f0fff7e7e7
ekisaandhan.hdfcbank.com,bd3d3c7878525262
enetuat.hdfcbank.com,b83ac7c7c7989838
esign.hdfcbank.com,f8f8f8f8f0f0e080
fastag.hdfcbank.com,b333333333333391
hcm.hdfcbank.com,e7e64ce6668c09cc
idcom-dr.hdfcbank.com,8d8d0ccd7cd87878
imaging.hdfcbank.com,bd3d3c7878525262
imgrepository.hdfcbank.com,bd3d3c7878525262
instaservices.hdfcbank.com,f67648586a5e6272
iworkorder.hdfcbank.com,bd3d3c7878525262
lap.hdfcbank.com,8d0d07c3c3e3672d
leadinsta.hdfcbank.com,a278036061fafdc7
loanappuat.hdfcbank.com,ef971fe512e11092
mailer.hdfcbank.com,None
mapms.hdfcbank.com,bd3d3c7878525262
mcas.hdfcbank.com,8b0fd5e468f0b139
meet.hdfcbank.com,e4649b9b26666798
metrics.hdfcbank.com,9669341e4f9649b6
moffy.hdfcbank.com,bd3d3c7878525262
mycards.hdfcbank.com,b29c31e3e3c19c33
myoffers.smartbuy.hdfcbank.com,aa62c56a676a876a
near-me.hdfcbank.com,ca37376848357a17
offers.smartbuy.hdfcbank.com,b3cccc33334ccc33
ourworld.hdfcbank.com,None
owezine.hdfcbank.com,e3f4b44b4b94074b
owhome.hdfcbank.com,d3f4b44b4bb4940b
ownewsfeed.hdfcbank.com,e3f4b44b4b94074b
remoteatp.hdfcbank.com,c7c13839cece3c31
smartstatements.hdfcbank.com,802060607b7b7f7f
smedigital.hdfcbank.com,870f0f0f0f0f0f0f
smetrics.hdfcbank.com,8000000000000000
tap4lap.hdfcbank.com,bd3d3c7878525262
tmetrics.hdfcbank.com,8000000000000000
v1.hdfcbank.com,af76072e858d8c87
v.hdfcbank.com,af76072e858d8c87
corp.onlinesbi.sbi,fe2b22d4d1c5923a
inblotus.onlinesbi.sbi,870707ca6a7a7af0
merchant.onlinesbi.sbi,ae2f2b2b0b1b3ad0
oaa.onlinesbi.sbi,af2b2b2b0b333ad0
onlinesbi.sbi,ff2b22d4c5c5903a
retail.onlinesbi.sbi,ff2b22d4c1c5923a
uatmerchant.onlinesbi.sbi,ae2f2b2b0b1b3ad0
www.onlinesbi.sbi,ff2b22d4c5c5903a